nom,description,adresse,Poste,Ville,Pays
ICCEL_ADORATEURS,Poste: Membre
Ville: Libreville
Pays: Gabon,Libreville Gabon,Membre,Libreville,Gabon
ICCEL_ADORATEURS,Poste: Membre
Ville: Melbourne/Florida
Pays: États-Unis,Melbourne/Florida États-Unis,Membre,Melbourne/Florida,États-Unis
ICCEL_ADORATEURS,Poste: Membre
Ville: Lomé
Pays: Togo,Lomé Togo,Membre,Lomé,Togo
ICCEL_ADORATEURS,Poste: Responsable adjoint
Ville: Montréal
Pays: Canada,Montréal Canada,Responsable adjoint,Montréal,Canada
ICCEL_ADORATEURS,Poste: Membre
Ville: Beijing
Pays: Chine,Beijing Chine,Membre,Beijing,Chine
ICCEL_ADORATEURS,Poste: Membre
Ville: Copenhague
Pays: Danemark,Copenhague Danemark,Membre,Copenhague,Danemark
ICCEL_ADORATEURS,Poste: Membre
Ville: 
Pays: France,France,Membre,,France
ICCEL_ADORATEURS,Poste: Responsable
Ville: Nouméa
Pays: Nouvelle-Calédonie,Nouméa Nouvelle-Calédonie,Responsable,Nouméa,Nouvelle-Calédonie
ICCEL_ADORATEURS,Poste: Membre
Ville: Les Fougerêts
Pays: France,Les Fougerêts France,Membre,Les Fougerêts,France
ICCEL_ADORATEURS,Poste: Responsable adjoint
Ville: Nässjô
Pays: Suède,Nässjô Suède,Responsable adjoint,Nässjô,Suède
ICCEL_ADORATEURS,Poste: Membre
Ville: Neuilly-sur-Seine
Pays: France,Neuilly-sur-Seine France,Membre,Neuilly-sur-Seine,France
ICCEL_ADORATEURS,Poste: Membre
Ville: Le Port
Pays: La Réunion,Le Port La Réunion,Membre,Le Port,La Réunion
ICCEL_ADORATEURS,Poste: Membre
Ville: Cotonou
Pays: Bénin,Cotonou Bénin,Membre,Cotonou,Bénin
ICCEL_ADORATEURS,Poste: Membre
Ville: Piton St Leu
Pays: La Réunion,Piton St Leu La Réunion,Membre,Piton St Leu,La Réunion
ICCEL_AMOUR,Poste: Responsable
Ville: Accra
Pays: Ghana,Accra Ghana,Responsable,Accra,Ghana
ICCEL_AMOUR,Poste: Responsable adjoint
Ville: Tournan en Brie
Pays: France,Tournan en Brie France,Responsable adjoint,Tournan en Brie,France
ICCEL_AMOUR,Poste: Membre
Ville: Cassel
Pays: Allemagne,Cassel Allemagne,Membre,Cassel,Allemagne
ICCEL_AMOUR,Poste: Membre
Ville: Potomac
Pays: États-Unis,Potomac États-Unis,Membre,Potomac,États-Unis
ICCEL_AMOUR,Poste: Responsable adjoint
Ville: Mannheim
Pays: Allemagne,Mannheim Allemagne,Responsable adjoint,Mannheim,Allemagne
ICCEL_AMOUR,Poste: Membre
Ville: Toulouse
Pays: France,Toulouse France,Membre,Toulouse,France
ICCEL_AMOUR,Poste: Membre
Ville: Casablanca
Pays: Burkina Faso,Casablanca Burkina Faso,Membre,Casablanca,Burkina Faso
ICCEL_AMOUR,Poste: Membre
Ville: Yaoundé
Pays: Cameroun,Yaoundé Cameroun,Membre,Yaoundé,Cameroun
ICCEL_AMOUR,Poste: Membre
Ville: Leverkusen
Pays: Allemagne,Leverkusen Allemagne,Membre,Leverkusen,Allemagne
ICCEL_AMOUR,Poste: Membre
Ville: VILLENEUVE SAINT GEORGES
Pays: France,VILLENEUVE SAINT GEORGES France,Membre,VILLENEUVE SAINT GEORGES,France
ICCEL_AMOUR,Poste: Membre
Ville: La guerche sur l'aubois
Pays: France,La guerche sur l'aubois France,Membre,La guerche sur l'aubois,France
ICCEL_AMOUR,Poste: Membre
Ville: Natitingou
Pays: Bénin,Natitingou Bénin,Membre,Natitingou,Bénin
ICCEL_AMOUR SACRIFICIEL,Poste: Membre
Ville: Libreville
Pays: Gabon,Libreville Gabon,Membre,Libreville,Gabon
ICCEL_AMOUR SACRIFICIEL,Poste: Membre
Ville: Dulkadiroğlu
Pays: Turquie,Dulkadiroğlu Turquie,Membre,Dulkadiroğlu,Turquie
ICCEL_AMOUR SACRIFICIEL,Poste: Responsable
Ville: Segni
Pays: Italie,Segni Italie,Responsable,Segni,Italie
ICCEL_AMOUR SACRIFICIEL,Poste: Responsable adjoint
Ville: Kaiserslautern
Pays: Allemagne,Kaiserslautern Allemagne,Responsable adjoint,Kaiserslautern,Allemagne
ICCEL_ASSOIFFES de CHRIST,Poste: Membre
Ville: Zogbodomey
Pays: Bénin,Zogbodomey Bénin,Membre,Zogbodomey,Bénin
ICCEL_ASSOIFFES de CHRIST,Poste: Membre
Ville: Cotonou
Pays: Bénin,Cotonou Bénin,Membre,Cotonou,Bénin
ICCEL_ASSOIFFES de CHRIST,Poste: Membre
Ville: Davenport
Pays: États-Unis,Davenport États-Unis,Membre,Davenport,États-Unis
ICCEL_ASSOIFFES de CHRIST,Poste: Membre
Ville: Gros Cailloux
Pays: Maurice,Gros Cailloux Maurice,Membre,Gros Cailloux,Maurice
ICCEL_ASSOIFFES de CHRIST,Poste: Membre
Ville: Calavi
Pays: Bénin,Calavi Bénin,Membre,Calavi,Bénin
ICCEL_ASSOIFFES de CHRIST,Poste: Responsable
Ville: Colmar
Pays: France,Colmar France,Responsable,Colmar,France
ICCEL_ASSOIFFES de CHRIST,Poste: Membre
Ville: Libreville(Gabon)
Pays: Gabon,Libreville(Gabon) Gabon,Membre,Libreville(Gabon),Gabon
ICCEL_ASSOIFFES de CHRIST,Poste: Membre
Ville: Tanda
Pays: Côte d'Ivoire,Tanda Côte d'Ivoire,Membre,Tanda,Côte d'Ivoire
ICCEL_ASSOIFFES de CHRIST,Poste: Membre
Ville: Casablanca
Pays: Maroc,Casablanca Maroc,Membre,Casablanca,Maroc
ICCEL_ASSOIFFES de CHRIST,Poste: Membre
Ville: Pointe-Noire
Pays: Congo-Brazzaville,Pointe-Noire Congo-Brazzaville,Membre,Pointe-Noire,Congo-Brazzaville
ICCEL_ASSOIFFES de CHRIST,Poste: Membre
Ville: Moscou
Pays: Russie,Moscou Russie,Membre,Moscou,Russie
ICCEL_ASSOIFFES de CHRIST,Poste: Membre
Ville: CHATELLERAULT
Pays: Guadeloupe,CHATELLERAULT Guadeloupe,Membre,CHATELLERAULT,Guadeloupe
ICCEL_ASSOIFFES de CHRIST,Poste: Responsable adjoint
Ville: Tambov
Pays: Russie,Tambov Russie,Responsable adjoint,Tambov,Russie
ICCEL_ASSOIFFES de CHRIST,Poste: Membre
Ville: Lanester
Pays: France,Lanester France,Membre,Lanester,France
ICCEL_AURORE,Poste: Responsable
Ville: Nantes
Pays: France,Nantes France,Responsable,Nantes,France
ICCEL_AURORE,Poste: Membre
Ville: Fès
Pays: Maroc,Fès Maroc,Membre,Fès,Maroc
ICCEL_AURORE,Poste: Membre
Ville: Montréal
Pays: Canada,Montréal Canada,Membre,Montréal,Canada
ICCEL_AURORE,Poste: Responsable
Ville: helecine
Pays: Belgique,helecine Belgique,Responsable,helecine,Belgique
ICCEL_AURORE,Poste: Membre
Ville: Abidjan
Pays: Côte d'Ivoire,Abidjan Côte d'Ivoire,Membre,Abidjan,Côte d'Ivoire
ICCEL_AURORE,Poste: Membre
Ville: Maryland
Pays: États-Unis,Maryland États-Unis,Membre,Maryland,États-Unis
ICCEL_CARACTERE DE CHRIST,Poste: Membre
Ville: Cotonou
Pays: Bénin,Cotonou Bénin,Membre,Cotonou,Bénin
ICCEL_CARACTERE DE CHRIST,Poste: Membre
Ville: Ketou
Pays: Bénin,Ketou Bénin,Membre,Ketou,Bénin
ICCEL_CARACTERE DE CHRIST,Poste: Membre
Ville: Cotonou Bénin
Pays: Bénin,Cotonou Bénin Bénin,Membre,Cotonou Bénin,Bénin
ICCEL_CARACTERE DE CHRIST,Poste: Membre
Ville: USSEL
Pays: France,USSEL France,Membre,USSEL,France
ICCEL_CARACTERE DE CHRIST,Poste: Responsable
Ville: Noisy-le-Grand
Pays: France,Noisy-le-Grand France,Responsable,Noisy-le-Grand,France
ICCEL_CARACTERE DE CHRIST,Poste: Membre
Ville: Ngaoundere
Pays: Cameroun,Ngaoundere Cameroun,Membre,Ngaoundere,Cameroun
ICCEL_CARACTERE DE CHRIST,Poste: Membre
Ville: Cape Town
Pays: Afrique du Sud,Cape Town Afrique du Sud,Membre,Cape Town,Afrique du Sud
ICCEL_CARACTERE DE CHRIST,Poste: Responsable adjoint
Ville: Lens
Pays: France,Lens France,Responsable adjoint,Lens,France
ICCEL_CARACTERE DE CHRIST,Poste: Membre
Ville: Calavi
Pays: Bénin,Calavi Bénin,Membre,Calavi,Bénin
ICCEL_CARACTERE DE CHRIST,Poste: Membre
Ville: Ussel
Pays: France,Ussel France,Membre,Ussel,France
ICCEL_CHEF D'OEUVRE ADMIRABLE,Poste: Responsable
Ville: ROCHES LES BLAMONT
Pays: France,ROCHES LES BLAMONT France,Responsable,ROCHES LES BLAMONT,France
ICCEL_CHEF D'OEUVRE ADMIRABLE,Poste: Membre
Ville: RÉMONDANS-VAIVRE
Pays: France,RÉMONDANS-VAIVRE France,Membre,RÉMONDANS-VAIVRE,France
ICCEL_CHEF D'OEUVRE ADMIRABLE,Poste: Responsable adjoint
Ville: Aix en Provence
Pays: France,Aix en Provence France,Responsable adjoint,Aix en Provence,France
ICCEL_CHEF D'OEUVRE ADMIRABLE,Poste: Responsable adjoint
Ville: EBOLOWA (Cameroun)
Pays: Cameroun,EBOLOWA (Cameroun) Cameroun,Responsable adjoint,EBOLOWA (Cameroun),Cameroun
ICCEL_CHEF D'OEUVRE ADMIRABLE,Poste: Membre
Ville: MALABO
Pays: Guinée équatoriale,MALABO Guinée équatoriale,Membre,MALABO,Guinée équatoriale
ICCEL_CHEF D'OEUVRE ADMIRABLE,Poste: Membre
Ville: Coventry
Pays: Royaume-Uni,Coventry Royaume-Uni,Membre,Coventry,Royaume-Uni
ICCEL_CHEF D'OEUVRE ADMIRABLE,Poste: Membre
Ville: Muzillac
Pays: France,Muzillac France,Membre,Muzillac,France
ICCEL_CHRIST EST MA VIE,Poste: Responsable adjoint
Ville: Auderghem
Pays: Belgique,Auderghem Belgique,Responsable adjoint,Auderghem,Belgique
ICCEL_CHRIST EST MA VIE,Poste: Responsable
Ville: Hannover
Pays: Allemagne,Hannover Allemagne,Responsable,Hannover,Allemagne
ICCEL_CHRIST LE ROCHER,Poste: Membre
Ville: Prüm
Pays: Allemagne,Prüm Allemagne,Membre,Prüm,Allemagne
ICCEL_CHRIST LE ROCHER,Poste: Membre
Ville: Kinshasa
Pays: Congo-Kinshasa,Kinshasa Congo-Kinshasa,Membre,Kinshasa,Congo-Kinshasa
ICCEL_CHRIST LE ROCHER,Poste: Membre
Ville: Nürnberg
Pays: Allemagne,Nürnberg Allemagne,Membre,Nürnberg,Allemagne
ICCEL_CHRIST LE ROCHER,Poste: Responsable adjoint
Ville: Le plessis Belleville
Pays: France,Le plessis Belleville France,Responsable adjoint,Le plessis Belleville,France
ICCEL_CHRIST LE ROCHER,Poste: Responsable adjoint
Ville: Fontaine
Pays: France,Fontaine France,Responsable adjoint,Fontaine,France
ICCEL_CHRIST LE ROCHER,Poste: Membre
Ville: Johannesbourg
Pays: Afrique du Sud,Johannesbourg Afrique du Sud,Membre,Johannesbourg,Afrique du Sud
ICCEL_CHRIST LE ROCHER,Poste: Membre
Ville: Shaanxi, China,
Pays: Chine,Shaanxi, China, Chine,Membre,Shaanxi, China,,Chine
ICCEL_CHRIST LE ROCHER,Poste: Membre
Ville: Essen
Pays: Allemagne,Essen Allemagne,Membre,Essen,Allemagne
ICCEL_CHRIST LE ROCHER,Poste: Membre
Ville: Trøgstad
Pays: Norvège,Trøgstad Norvège,Membre,Trøgstad,Norvège
ICCEL_CHRIST LE ROCHER,Poste: Membre
Ville: Berlin
Pays: Allemagne,Berlin Allemagne,Membre,Berlin,Allemagne
ICCEL_CHRIST LE ROCHER,Poste: Responsable
Ville: fuzhou
Pays: Chine,fuzhou Chine,Responsable,fuzhou,Chine
ICCEL_CHRIST LE ROCHER,Poste: Membre
Ville: Los angeles
Pays: États-Unis,Los angeles États-Unis,Membre,Los angeles,États-Unis
ICCEL_CITOYENS DU ROYAUME,Poste: Membre
Ville: Angered
Pays: Roumanie,Angered Roumanie,Membre,Angered,Roumanie
ICCEL_CITOYENS DU ROYAUME,Poste: Responsable
Ville: Gothenburg
Pays: Suède,Gothenburg Suède,Responsable,Gothenburg,Suède
ICCEL_COLOMBE,Poste: Membre
Ville: Port Au Prince
Pays: Haïti,Port Au Prince Haïti,Membre,Port Au Prince,Haïti
ICCEL_COLOMBE,Poste: Membre
Ville: Bingerville
Pays: Côte d'Ivoire,Bingerville Côte d'Ivoire,Membre,Bingerville,Côte d'Ivoire
ICCEL_COLOMBE,Poste: Membre
Ville: Santiago
Pays: République dominicaine,Santiago République dominicaine,Membre,Santiago,République dominicaine
ICCEL_COLOMBE,Poste: Membre
Ville: Taichung
Pays: Taïwan,Taichung Taïwan,Membre,Taichung,Taïwan
ICCEL_COLOMBE,Poste: Membre
Ville: SANTIAGO
Pays: République dominicaine,SANTIAGO République dominicaine,Membre,SANTIAGO,République dominicaine
ICCEL_COLOMBE,Poste: Membre
Ville: Auburn
Pays: États-Unis,Auburn États-Unis,Membre,Auburn,États-Unis
ICCEL_COLOMBE,Poste: Responsable adjoint
Ville: Wentzville
Pays: États-Unis,Wentzville États-Unis,Responsable adjoint,Wentzville,États-Unis
ICCEL_COLOMBE,Poste: Membre
Ville: Lusaka
Pays: Zambie,Lusaka Zambie,Membre,Lusaka,Zambie
ICCEL_COLOMBE,Poste: Responsable
Ville: Quebec
Pays: Canada,Quebec Canada,Responsable,Quebec,Canada
ICCEL_COLOMBE,Poste: Membre
Ville: Calavi
Pays: Bénin,Calavi Bénin,Membre,Calavi,Bénin
ICCEL_CONNECTIVITE,Poste: Membre
Ville: Liège
Pays: Belgique,Liège Belgique,Membre,Liège,Belgique
ICCEL_CONNECTIVITE,Poste: Membre
Ville: Lehrte Hannover
Pays: Allemagne,Lehrte Hannover Allemagne,Membre,Lehrte Hannover,Allemagne
ICCEL_CONNECTIVITE,Poste: Membre
Ville: Vétraz-Monthoux
Pays: France,Vétraz-Monthoux France,Membre,Vétraz-Monthoux,France
ICCEL_CONNECTIVITE,Poste: Membre
Ville: MERINCHAL
Pays: France,MERINCHAL France,Membre,MERINCHAL,France
ICCEL_CONNECTIVITE,Poste: Membre
Ville: Saint-Quentin
Pays: France,Saint-Quentin France,Membre,Saint-Quentin,France
ICCEL_CONNECTIVITE,Poste: Membre
Ville: Basel
Pays: Suisse,Basel Suisse,Membre,Basel,Suisse
ICCEL_CONNECTIVITE,Poste: Membre
Ville: Abidjan
Pays: Côte d'Ivoire,Abidjan Côte d'Ivoire,Membre,Abidjan,Côte d'Ivoire
ICCEL_CONNECTIVITE,Poste: Membre
Ville: Tours
Pays: France,Tours France,Membre,Tours,France
ICCEL_CONNECTIVITE,Poste: Membre
Ville: Tours, Centre-Val de Loire
Pays: France,Tours, Centre-Val de Loire France,Membre,Tours, Centre-Val de Loire,France
ICCEL_CONNECTIVITE,Poste: Membre
Ville: Vesoul
Pays: France,Vesoul France,Membre,Vesoul,France
ICCEL_CONNECTIVITE,Poste: Membre
Ville: Kutahya
Pays: Turquie,Kutahya Turquie,Membre,Kutahya,Turquie
ICCEL_CONNECTIVITE,Poste: Responsable adjoint
Ville: Campinas
Pays: Brésil,Campinas Brésil,Responsable adjoint,Campinas,Brésil
ICCEL_CONNECTIVITE,Poste: Membre
Ville: Kinshasa
Pays: Congo-Kinshasa,Kinshasa Congo-Kinshasa,Membre,Kinshasa,Congo-Kinshasa
ICCEL_CONNECTIVITE,Poste: Membre
Ville: Caire
Pays: Égypte,Caire Égypte,Membre,Caire,Égypte
ICCEL_CONNECTIVITE,Poste: Membre
Ville: Schneeberg
Pays: Allemagne,Schneeberg Allemagne,Membre,Schneeberg,Allemagne
ICCEL_CONNECTIVITE,Poste: Membre
Ville: pomerode
Pays: Brésil,pomerode Brésil,Membre,pomerode,Brésil
ICCEL_CONNECTIVITE,Poste: Membre
Ville: Antony
Pays: France,Antony France,Membre,Antony,France
ICCEL_CONNECTIVITE,Poste: Responsable adjoint
Ville: Elbeuf
Pays: France,Elbeuf France,Responsable adjoint,Elbeuf,France
ICCEL_CONNECTIVITE,Poste: Membre
Ville: SAO PAULO
Pays: Brésil,SAO PAULO Brésil,Membre,SAO PAULO,Brésil
ICCEL_CONNECTIVITE,Poste: Membre
Ville: Hommarting
Pays: France,Hommarting France,Membre,Hommarting,France
ICCEL_CONNECTIVITE,Poste: Membre
Ville: Montluçon
Pays: France,Montluçon France,Membre,Montluçon,France
ICCEL_CREATIVE LOVE,Poste: Membre
Ville: Leuze-en-Hainaut
Pays: Belgique,Leuze-en-Hainaut Belgique,Membre,Leuze-en-Hainaut,Belgique
ICCEL_CREATIVE LOVE,Poste: Membre
Ville: Longueuil
Pays: Canada,Longueuil Canada,Membre,Longueuil,Canada
ICCEL_CREATIVE LOVE,Poste: Membre
Ville: Lausanne
Pays: Suisse,Lausanne Suisse,Membre,Lausanne,Suisse
ICCEL_CREATIVE LOVE,Poste: Membre
Ville: Gleisdorf
Pays: Autriche,Gleisdorf Autriche,Membre,Gleisdorf,Autriche
ICCEL_CREATIVE LOVE,Poste: Responsable
Ville: Saint-Laurent-du-Var
Pays: France,Saint-Laurent-du-Var France,Responsable,Saint-Laurent-du-Var,France
ICCEL_CREATIVE LOVE,Poste: Membre
Ville: Künzelsau
Pays: Allemagne,Künzelsau Allemagne,Membre,Künzelsau,Allemagne
ICCEL_CREATIVE LOVE,Poste: Membre
Ville: roumanie
Pays: Roumanie,roumanie Roumanie,Membre,roumanie,Roumanie
ICCEL_CREATIVE LOVE,Poste: Membre
Ville: Roye
Pays: France,Roye France,Membre,Roye,France
ICCEL_CREATIVE LOVE,Poste: Membre
Ville: Künzelsau
Pays: Allemagne,Künzelsau Allemagne,Membre,Künzelsau,Allemagne
ICCEL_CREATIVE LOVE,Poste: Membre
Ville: Kirchheim
Pays: Allemagne,Kirchheim Allemagne,Membre,Kirchheim,Allemagne
ICCEL_CREATIVE LOVE,Poste: Membre
Ville: Montauban
Pays: France,Montauban France,Membre,Montauban,France
ICCEL_CREATIVE LOVE,Poste: Membre
Ville: Montauban
Pays: France,Montauban France,Membre,Montauban,France
ICCEL_CREATIVE LOVE,Poste: Membre
Ville: Bunia
Pays: Congo-Kinshasa,Bunia Congo-Kinshasa,Membre,Bunia,Congo-Kinshasa
ICCEL_CREATIVE LOVE,Poste: Membre
Ville: Gueret
Pays: France,Gueret France,Membre,Gueret,France
ICCEL_CREATIVE LOVE,Poste: Membre
Ville: Sfax
Pays: Tunisie,Sfax Tunisie,Membre,Sfax,Tunisie
ICCEL_CREATIVE LOVE,Poste: Membre
Ville: Bolu
Pays: Turquie,Bolu Turquie,Membre,Bolu,Turquie
ICCEL_CREATIVE LOVE,Poste: Membre
Ville: Münster
Pays: Allemagne,Münster Allemagne,Membre,Münster,Allemagne
ICCEL_CREATIVE LOVE,Poste: Membre
Ville: Bolu
Pays: Turquie,Bolu Turquie,Membre,Bolu,Turquie
ICCEL_CREATIVE LOVE,Poste: Membre
Ville: Dijon
Pays: France,Dijon France,Membre,Dijon,France
ICCEL_CREATIVE LOVE,Poste: Membre
Ville: Bagnols sur Cèze
Pays: France,Bagnols sur Cèze France,Membre,Bagnols sur Cèze,France
ICCEL_CREATIVE LOVE,Poste: Membre
Ville: Tokat
Pays: Turquie,Tokat Turquie,Membre,Tokat,Turquie
ICCEL_CREATIVITE,Poste: Membre
Ville: CAP HAITIEN
Pays: Haïti,CAP HAITIEN Haïti,Membre,CAP HAITIEN,Haïti
ICCEL_CREATIVITE,Poste: Membre
Ville: Domptin
Pays: France,Domptin France,Membre,Domptin,France
ICCEL_CREATIVITE,Poste: Membre
Ville: Luanda
Pays: Angola,Luanda Angola,Membre,Luanda,Angola
ICCEL_CREATIVITE,Poste: Membre
Ville: PIAZZOLA SUL BRENTA
Pays: Italie,PIAZZOLA SUL BRENTA Italie,Membre,PIAZZOLA SUL BRENTA,Italie
ICCEL_CREATIVITE,Poste: Membre
Ville: Tizi ouzou
Pays: Algérie,Tizi ouzou Algérie,Membre,Tizi ouzou,Algérie
ICCEL_CREATIVITE,Poste: Membre
Ville: Dax
Pays: France,Dax France,Membre,Dax,France
ICCEL_CREATIVITE,Poste: Membre
Ville: Victoria Gasteiz
Pays: Espagne,Victoria Gasteiz Espagne,Membre,Victoria Gasteiz,Espagne
ICCEL_CREATIVITE,Poste: Membre
Ville: Denver
Pays: États-Unis,Denver États-Unis,Membre,Denver,États-Unis
ICCEL_CREATIVITE,Poste: Responsable
Ville: Brazzaville
Pays: Congo-Brazzaville,Brazzaville Congo-Brazzaville,Responsable,Brazzaville,Congo-Brazzaville
ICCEL_CREATIVITE,Poste: Membre
Ville: Karaman
Pays: Turquie,Karaman Turquie,Membre,Karaman,Turquie
ICCEL_CREATIVITE,Poste: Membre
Ville: Pretoria
Pays: Afrique du Sud,Pretoria Afrique du Sud,Membre,Pretoria,Afrique du Sud
ICCEL_ENFANT DE DIEU,Poste: Responsable
Ville: Am KAHLWEG 6, 54669 en Allemagne.
Pays: Allemagne,Am KAHLWEG 6, 54669 en Allemagne. Allemagne,Responsable,Am KAHLWEG 6, 54669 en Allemagne.,Allemagne
ICCEL_ENFANT DE DIEU,Poste: Membre
Ville: Laurel
Pays: États-Unis,Laurel États-Unis,Membre,Laurel,États-Unis
ICCEL_ESPERANCE AMOUR ET FOI,Poste: Responsable
Ville: San diego
Pays: États-Unis,San diego États-Unis,Responsable,San diego,États-Unis
ICCEL_ESPERANCE AMOUR ET FOI,Poste: Responsable adjoint
Ville: Bremen
Pays: Allemagne,Bremen Allemagne,Responsable adjoint,Bremen,Allemagne
ICCEL_EXCELLENCES,Poste: Membre
Ville: Abomey Calavi
Pays: Bénin,Abomey Calavi Bénin,Membre,Abomey Calavi,Bénin
ICCEL_EXCELLENCES,Poste: Membre
Ville: Abomey Calavi
Pays: Bénin,Abomey Calavi Bénin,Membre,Abomey Calavi,Bénin
ICCEL_EXCELLENCES,Poste: Membre
Ville: Douala
Pays: Cameroun,Douala Cameroun,Membre,Douala,Cameroun
ICCEL_EXCELLENCES,Poste: Membre
Ville: Nîmes
Pays: France,Nîmes France,Membre,Nîmes,France
ICCEL_EXCELLENCES,Poste: Membre
Ville: Boulogne sur mer
Pays: France,Boulogne sur mer France,Membre,Boulogne sur mer,France
ICCEL_EXCELLENCES,Poste: Membre
Ville: RENNES
Pays: France,RENNES France,Membre,RENNES,France
ICCEL_EXCELLENCES,Poste: Membre
Ville: Basel
Pays: Suisse,Basel Suisse,Membre,Basel,Suisse
ICCEL_EXCELLENCES,Poste: Responsable adjoint
Ville: Goslar
Pays: Allemagne,Goslar Allemagne,Responsable adjoint,Goslar,Allemagne
ICCEL_EXCELLENCES,Poste: Membre
Ville: Joigny
Pays: France,Joigny France,Membre,Joigny,France
ICCEL_EXCELLENCES,Poste: Responsable
Ville: AGADIR
Pays: Maroc,AGADIR Maroc,Responsable,AGADIR,Maroc
ICCEL_EXCELLENCES,Poste: Membre
Ville: Mazamet
Pays: France,Mazamet France,Membre,Mazamet,France
ICCEL_FORCE DE RESURRECTION,Poste: Membre
Ville: SAINT-JUÉRY
Pays: France,SAINT-JUÉRY France,Membre,SAINT-JUÉRY,France
ICCEL_FORCE DE RESURRECTION,Poste: Responsable
Ville: Kiel
Pays: Allemagne,Kiel Allemagne,Responsable,Kiel,Allemagne
ICCEL_FORCE DE RESURRECTION,Poste: Membre
Ville: Laurel
Pays: États-Unis,Laurel États-Unis,Membre,Laurel,États-Unis
ICCEL_IMPACT LUMIERE,Poste: Responsable
Ville: Cologne
Pays: Allemagne,Cologne Allemagne,Responsable,Cologne,Allemagne
ICCEL_IMPACT LUMIERE,Poste: Membre
Ville: Kaele
Pays: Cameroun,Kaele Cameroun,Membre,Kaele,Cameroun
ICCEL_IMPACT LUMIERE,Poste: Membre
Ville: Gagny
Pays: France,Gagny France,Membre,Gagny,France
ICCEL_IMPACT LUMIERE,Poste: Membre
Ville: Belo Horizonte
Pays: Brésil,Belo Horizonte Brésil,Membre,Belo Horizonte,Brésil
ICCEL_IMPACT LUMIERE,Poste: Responsable
Ville: BONNEUIL SUR MARNE
Pays: France,BONNEUIL SUR MARNE France,Responsable,BONNEUIL SUR MARNE,France
ICCEL_IMPACT LUMIERE,Poste: Membre
Ville: Mélisey
Pays: France,Mélisey France,Membre,Mélisey,France
ICCEL_IMPACT LUMIERE,Poste: Membre
Ville: Kolwezi
Pays: Congo-Kinshasa,Kolwezi Congo-Kinshasa,Membre,Kolwezi,Congo-Kinshasa
ICCEL_IMPACT LUMIERE,Poste: Membre
Ville: Poitiers
Pays: France,Poitiers France,Membre,Poitiers,France
ICCEL_IMPACT LUMIERE,Poste: Membre
Ville: Koudougou
Pays: Burkina Faso,Koudougou Burkina Faso,Membre,Koudougou,Burkina Faso
ICCEL_KABOD,Poste: Membre
Ville: Rüdesheim am Rheim
Pays: Allemagne,Rüdesheim am Rheim Allemagne,Membre,Rüdesheim am Rheim,Allemagne
ICCEL_KABOD,Poste: Membre
Ville: Bertoua Cameroun
Pays: Cameroun,Bertoua Cameroun Cameroun,Membre,Bertoua Cameroun,Cameroun
ICCEL_KABOD,Poste: Membre
Ville: Bertoua
Pays: Cameroun,Bertoua Cameroun,Membre,Bertoua,Cameroun
ICCEL_KABOD,Poste: Membre
Ville: Kigali
Pays: Rwanda,Kigali Rwanda,Membre,Kigali,Rwanda
ICCEL_KABOD,Poste: Membre
Ville: Darmstadt
Pays: Allemagne,Darmstadt Allemagne,Membre,Darmstadt,Allemagne
ICCEL_KABOD,Poste: Responsable
Ville: Maxhütte-Haidhof
Pays: Allemagne,Maxhütte-Haidhof Allemagne,Responsable,Maxhütte-Haidhof,Allemagne
ICCEL_KABOD,Poste: Membre
Ville: Brühl
Pays: Allemagne,Brühl Allemagne,Membre,Brühl,Allemagne
ICCEL_KABOD,Poste: Membre
Ville: Austin
Pays: États-Unis,Austin États-Unis,Membre,Austin,États-Unis
ICCEL_LA GRACE,Poste: Membre
Ville: OUAGADOUGOU
Pays: Burkina Faso,OUAGADOUGOU Burkina Faso,Membre,OUAGADOUGOU,Burkina Faso
ICCEL_LA GRACE,Poste: Membre
Ville: Nantes
Pays: France,Nantes France,Membre,Nantes,France
ICCEL_LA GRACE,Poste: Membre
Ville: OUAGADOUGOU
Pays: Burkina Faso,OUAGADOUGOU Burkina Faso,Membre,OUAGADOUGOU,Burkina Faso
ICCEL_LA GRACE,Poste: Membre
Ville: Ouagadougou
Pays: Burkina Faso,Ouagadougou Burkina Faso,Membre,Ouagadougou,Burkina Faso
ICCEL_LA GRACE,Poste: Membre
Ville: Belgrade
Pays: Serbie,Belgrade Serbie,Membre,Belgrade,Serbie
ICCEL_LA GRACE,Poste: Membre
Ville: Naivasha
Pays: Kenya,Naivasha Kenya,Membre,Naivasha,Kenya
ICCEL_LA GRACE,Poste: Membre
Ville: Ingolstadt
Pays: Allemagne,Ingolstadt Allemagne,Membre,Ingolstadt,Allemagne
ICCEL_LA GRACE,Poste: Membre
Ville: Avernes
Pays: France,Avernes France,Membre,Avernes,France
ICCEL_LA GRACE,Poste: Membre
Ville: sainte Clotilde
Pays: La Réunion,sainte Clotilde La Réunion,Membre,sainte Clotilde,La Réunion
ICCEL_LA GRACE,Poste: Membre
Ville: Nicosia
Pays: Chypre,Nicosia Chypre,Membre,Nicosia,Chypre
ICCEL_LA GRACE,Poste: Membre
Ville: Bourg-la-Reine
Pays: France,Bourg-la-Reine France,Membre,Bourg-la-Reine,France
ICCEL_LA GRACE,Poste: Membre
Ville: Gaborone
Pays: Botswana,Gaborone Botswana,Membre,Gaborone,Botswana
ICCEL_LA GRACE,Poste: Membre
Ville: Kampala
Pays: Ouganda,Kampala Ouganda,Membre,Kampala,Ouganda
ICCEL_LA GRACE,Poste: Membre
Ville: Cotonou
Pays: Bénin,Cotonou Bénin,Membre,Cotonou,Bénin
ICCEL_LA GRACE,Poste: Responsable
Ville: Saint-Clair-sur-l'Elle
Pays: France,Saint-Clair-sur-l'Elle France,Responsable,Saint-Clair-sur-l'Elle,France
ICCEL_LA GRACE,Poste: Membre
Ville: Bobo dioulsso
Pays: Burkina Faso,Bobo dioulsso Burkina Faso,Membre,Bobo dioulsso,Burkina Faso
ICCEL_LA GRACE,Poste: Membre
Ville: Ouagadougou
Pays: Burkina Faso,Ouagadougou Burkina Faso,Membre,Ouagadougou,Burkina Faso
ICCEL_LE LIVRE,Poste: Membre
Ville: Richmond
Pays: États-Unis,Richmond États-Unis,Membre,Richmond,États-Unis
ICCEL_LE LIVRE,Poste: Membre
Ville: Longarone-Zoldo
Pays: Italie,Longarone-Zoldo Italie,Membre,Longarone-Zoldo,Italie
ICCEL_LE LIVRE,Poste: Membre
Ville: Le Mans
Pays: France,Le Mans France,Membre,Le Mans,France
ICCEL_LE LIVRE,Poste: Membre
Ville: Vincennes
Pays: France,Vincennes France,Membre,Vincennes,France
ICCEL_LE LIVRE,Poste: Membre
Ville: Saint loup
Pays: France,Saint loup France,Membre,Saint loup,France
ICCEL_LE LIVRE,Poste: Membre
Ville: Jaen
Pays: Espagne,Jaen Espagne,Membre,Jaen,Espagne
ICCEL_LE LIVRE,Poste: Membre
Ville: Copenhague
Pays: Danemark,Copenhague Danemark,Membre,Copenhague,Danemark
ICCEL_LE LIVRE,Poste: Membre
Ville: Rabat
Pays: Maroc,Rabat Maroc,Membre,Rabat,Maroc
ICCEL_LES CONSACRES,Poste: Responsable
Ville: MAING
Pays: France,MAING France,Responsable,MAING,France
ICCEL_LES CONSACRES,Poste: Membre
Ville: Fort Mill
Pays: États-Unis,Fort Mill États-Unis,Membre,Fort Mill,États-Unis
ICCEL_LES DESIRS DU SAINT ESPRIT,Poste: Responsable
Ville: Cucciago
Pays: Italie,Cucciago Italie,Responsable,Cucciago,Italie
ICCEL_LES SACRIFICATEURS ROYAUX,Poste: Membre
Ville: Chicoutimi
Pays: Togo,Chicoutimi Togo,Membre,Chicoutimi,Togo
ICCEL_LES SACRIFICATEURS ROYAUX,Poste: Membre
Ville: Brossard
Pays: Canada,Brossard Canada,Membre,Brossard,Canada
ICCEL_LES SACRIFICATEURS ROYAUX,Poste: Responsable adjoint
Ville: Schenectady
Pays: États-Unis,Schenectady États-Unis,Responsable adjoint,Schenectady,États-Unis
ICCEL_LES SACRIFICATEURS ROYAUX,Poste: Membre
Ville: Oshawa
Pays: Canada,Oshawa Canada,Membre,Oshawa,Canada
ICCEL_LES SACRIFICATEURS ROYAUX,Poste: Membre
Ville: DOUALA
Pays: Cameroun,DOUALA Cameroun,Membre,DOUALA,Cameroun
ICCEL_LES SACRIFICATEURS ROYAUX,Poste: Membre
Ville: Chicago
Pays: États-Unis,Chicago États-Unis,Membre,Chicago,États-Unis
ICCEL_LES SACRIFICATEURS ROYAUX,Poste: Membre
Ville: Toronto
Pays: Canada,Toronto Canada,Membre,Toronto,Canada
ICCEL_LUMIERE DU MONDE,Poste: Membre
Ville: San Pedro
Pays: Côte d'Ivoire,San Pedro Côte d'Ivoire,Membre,San Pedro,Côte d'Ivoire
ICCEL_LUMIERE DU MONDE,Poste: Membre
Ville: Rabat
Pays: Maroc,Rabat Maroc,Membre,Rabat,Maroc
ICCEL_LUMIERE DU MONDE,Poste: Membre
Ville: Bezons
Pays: France,Bezons France,Membre,Bezons,France
ICCEL_LUMIERE DU MONDE,Poste: Membre
Ville: Fayetteville
Pays: États-Unis,Fayetteville États-Unis,Membre,Fayetteville,États-Unis
ICCEL_LUMIERE DU MONDE,Poste: Membre
Ville: Likasi
Pays: Congo-Kinshasa,Likasi Congo-Kinshasa,Membre,Likasi,Congo-Kinshasa
ICCEL_LUMIERE DU MONDE,Poste: Membre
Ville: sokodé
Pays: Togo,sokodé Togo,Membre,sokodé,Togo
ICCEL_LUMIERE DU MONDE,Poste: Responsable
Ville: RIEC SUR BELON
Pays: France,RIEC SUR BELON France,Responsable,RIEC SUR BELON,France
ICCEL_MIRACLE,Poste: Membre
Ville: Ouidah
Pays: Bénin,Ouidah Bénin,Membre,Ouidah,Bénin
ICCEL_MIRACLE,Poste: Responsable adjoint
Ville: 
Pays: France,France,Responsable adjoint,,France
ICCEL_MIRACLE,Poste: Membre
Ville: East Moline Illinois
Pays: États-Unis,East Moline Illinois États-Unis,Membre,East Moline Illinois,États-Unis
ICCEL_MIRACLE,Poste: Membre
Ville: Libreville
Pays: Gabon,Libreville Gabon,Membre,Libreville,Gabon
ICCEL_MIRACLE,Poste: Membre
Ville: Brühl
Pays: Allemagne,Brühl Allemagne,Membre,Brühl,Allemagne
ICCEL_MIRACLE,Poste: Membre
Ville: Manchester
Pays: Royaume-Uni,Manchester Royaume-Uni,Membre,Manchester,Royaume-Uni
ICCEL_MIRACLE,Poste: Responsable
Ville: Abidjan
Pays: Côte d'Ivoire,Abidjan Côte d'Ivoire,Responsable,Abidjan,Côte d'Ivoire
ICCEL_OBEISSANCE,Poste: Responsable adjoint
Ville: ¨Paris
Pays: France,¨Paris France,Responsable adjoint,¨Paris,France
ICCEL_OBEISSANCE,Poste: Responsable adjoint
Ville: Baltimore
Pays: États-Unis,Baltimore États-Unis,Responsable adjoint,Baltimore,États-Unis
ICCEL_OBEISSANCE,Poste: Membre
Ville: Oak harbor
Pays: États-Unis,Oak harbor États-Unis,Membre,Oak harbor,États-Unis
ICCEL_OBEISSANCE,Poste: Membre
Ville: Pointe-Noire
Pays: Congo-Brazzaville,Pointe-Noire Congo-Brazzaville,Membre,Pointe-Noire,Congo-Brazzaville
ICCEL_PENOUEL,Poste: Membre
Ville: Maurepas
Pays: France,Maurepas France,Membre,Maurepas,France
ICCEL_PENOUEL,Poste: Membre
Ville: Nîmes
Pays: France,Nîmes France,Membre,Nîmes,France
ICCEL_PENOUEL,Poste: Membre
Ville: Noisy le roi
Pays: France,Noisy le roi France,Membre,Noisy le roi,France
ICCEL_PENOUEL,Poste: Membre
Ville: Lodz
Pays: Pologne,Lodz Pologne,Membre,Lodz,Pologne
ICCEL_PENOUEL,Poste: Membre
Ville: Freiburg im Breisgau
Pays: Allemagne,Freiburg im Breisgau Allemagne,Membre,Freiburg im Breisgau,Allemagne
ICCEL_PENOUEL,Poste: Responsable
Ville: CADIZ
Pays: Espagne,CADIZ Espagne,Responsable,CADIZ,Espagne
ICCEL_PERSEVERANTS_HUMILITE,Poste: Membre
Ville: SAINT LAURENT DE CHAMOUSSET
Pays: France,SAINT LAURENT DE CHAMOUSSET France,Membre,SAINT LAURENT DE CHAMOUSSET,France
ICCEL_PERSEVERANTS_HUMILITE,Poste: Responsable adjoint
Ville: Santiago de los Caballeros
Pays: République dominicaine,Santiago de los Caballeros République dominicaine,Responsable adjoint,Santiago de los Caballeros,République dominicaine
ICCEL_PERSEVERANTS_HUMILITE,Poste: Membre
Ville: Lübeck
Pays: Allemagne,Lübeck Allemagne,Membre,Lübeck,Allemagne
ICCEL_PERSEVERANTS_HUMILITE,Poste: Membre
Ville: Cologne
Pays: Allemagne,Cologne Allemagne,Membre,Cologne,Allemagne
ICCEL_PERSEVERANTS_HUMILITE,Poste: Membre
Ville: Pretoria
Pays: Afrique du Sud,Pretoria Afrique du Sud,Membre,Pretoria,Afrique du Sud
ICCEL_PERSEVERANTS_HUMILITE,Poste: Membre
Ville: Garoua
Pays: Cameroun,Garoua Cameroun,Membre,Garoua,Cameroun
ICCEL_PERSEVERANTS_HUMILITE,Poste: Responsable
Ville: Bondy
Pays: France,Bondy France,Responsable,Bondy,France
ICCEL_PERSEVERANTS_HUMILITE,Poste: Membre
Ville: Catania
Pays: Italie,Catania Italie,Membre,Catania,Italie
ICCEL_PLUS_QUE_VAINQUEUR,Poste: Membre
Ville: Moscou
Pays: Russie,Moscou Russie,Membre,Moscou,Russie
ICCEL_PLUS_QUE_VAINQUEUR,Poste: Membre
Ville: paralimni
Pays: Chypre,paralimni Chypre,Membre,paralimni,Chypre
ICCEL_PLUS_QUE_VAINQUEUR,Poste: Membre
Ville: Bangui
Pays: République centrafricaine,Bangui République centrafricaine,Membre,Bangui,République centrafricaine
ICCEL_PLUS_QUE_VAINQUEUR,Poste: Membre
Ville: Zonguldak
Pays: Turquie,Zonguldak Turquie,Membre,Zonguldak,Turquie
ICCEL_PLUS_QUE_VAINQUEUR,Poste: Membre
Ville: Mugla
Pays: Turquie,Mugla Turquie,Membre,Mugla,Turquie
ICCEL_POTENTIEL FORMIDABLE,Poste: Membre
Ville: 
Pays: Cameroun,Cameroun,Membre,,Cameroun
ICCEL_POTENTIEL FORMIDABLE,Poste: Membre
Ville: Abidjan
Pays: Côte d'Ivoire,Abidjan Côte d'Ivoire,Membre,Abidjan,Côte d'Ivoire
ICCEL_POTENTIEL FORMIDABLE,Poste: Membre
Ville: Brooklyn
Pays: États-Unis,Brooklyn États-Unis,Membre,Brooklyn,États-Unis
ICCEL_POTENTIEL FORMIDABLE,Poste: Membre
Ville: La seu d urgel
Pays: Espagne,La seu d urgel Espagne,Membre,La seu d urgel,Espagne
ICCEL_POTENTIEL FORMIDABLE,Poste: Responsable
Ville: Emmendingen
Pays: Allemagne,Emmendingen Allemagne,Responsable,Emmendingen,Allemagne
ICCEL_POTENTIEL FORMIDABLE,Poste: Membre
Ville: Lusaka
Pays: Zambie,Lusaka Zambie,Membre,Lusaka,Zambie
ICCEL_POTENTIEL FORMIDABLE,Poste: Membre
Ville: Londre
Pays: Royaume-Uni,Londre Royaume-Uni,Membre,Londre,Royaume-Uni
ICCEL_POTENTIEL FORMIDABLE,Poste: Membre
Ville: Pully
Pays: Suisse,Pully Suisse,Membre,Pully,Suisse
ICCEL_POTENTIEL FORMIDABLE,Poste: Membre
Ville: Abidjan
Pays: Côte d'Ivoire,Abidjan Côte d'Ivoire,Membre,Abidjan,Côte d'Ivoire
ICCEL_POTENTIEL FORMIDABLE,Poste: Membre
Ville: Bonoua
Pays: Côte d'Ivoire,Bonoua Côte d'Ivoire,Membre,Bonoua,Côte d'Ivoire
ICCEL_POTENTIEL FORMIDABLE,Poste: Membre
Ville: Santander
Pays: Espagne,Santander Espagne,Membre,Santander,Espagne
ICCEL_POTENTIEL FORMIDABLE,Poste: Membre
Ville: Lavau
Pays: France,Lavau France,Membre,Lavau,France
ICCEL_POTENTIEL FORMIDABLE,Poste: Membre
Ville: MONTEREAU FAULT YONNE
Pays: France,MONTEREAU FAULT YONNE France,Membre,MONTEREAU FAULT YONNE,France
ICCEL_POTENTIEL FORMIDABLE,Poste: Membre
Ville: ETRÉPAGNY
Pays: France,ETRÉPAGNY France,Membre,ETRÉPAGNY,France
ICCEL_POTENTIEL FORMIDABLE,Poste: Membre
Ville: New York
Pays: États-Unis,New York États-Unis,Membre,New York,États-Unis
ICCEL_POTENTIEL FORMIDABLE,Poste: Membre
Ville: dar es salam
Pays: Tanzanie,dar es salam Tanzanie,Membre,dar es salam,Tanzanie
ICCEL_POTENTIEL FORMIDABLE,Poste: Membre
Ville: Pretoria
Pays: Afrique du Sud,Pretoria Afrique du Sud,Membre,Pretoria,Afrique du Sud
ICCEL_POTENTIEL FORMIDABLE,Poste: Membre
Ville: Franceville
Pays: Gabon,Franceville Gabon,Membre,Franceville,Gabon
ICCEL_POTENTIEL FORMIDABLE,Poste: Membre
Ville: Orthez
Pays: France,Orthez France,Membre,Orthez,France
ICCEL_POTENTIEL FORMIDABLE,Poste: Responsable
Ville: Montreuil
Pays: France,Montreuil France,Responsable,Montreuil,France
ICCEL_POTENTIEL FORMIDABLE,Poste: Membre
Ville: Malsch
Pays: Allemagne,Malsch Allemagne,Membre,Malsch,Allemagne
ICCEL_POTENTIEL FORMIDABLE,Poste: Membre
Ville: Korhogo
Pays: Côte d'Ivoire,Korhogo Côte d'Ivoire,Membre,Korhogo,Côte d'Ivoire
ICCEL_POTENTIEL FORMIDABLE,Poste: Membre
Ville: Krefeld
Pays: Allemagne,Krefeld Allemagne,Membre,Krefeld,Allemagne
ICCEL_POTENTIEL FORMIDABLE,Poste: Membre
Ville: La Seu d'Urgell
Pays: Espagne,La Seu d'Urgell Espagne,Membre,La Seu d'Urgell,Espagne
ICCEL_POTENTIEL FORMIDABLE,Poste: Membre
Ville: Eaubonne
Pays: France,Eaubonne France,Membre,Eaubonne,France
ICCEL_RENCONTRE DIVINE,Poste: Membre
Ville: Yaoundé
Pays: Cameroun,Yaoundé Cameroun,Membre,Yaoundé,Cameroun
ICCEL_RENCONTRE DIVINE,Poste: Membre
Ville: Abidjan
Pays: Côte d'Ivoire,Abidjan Côte d'Ivoire,Membre,Abidjan,Côte d'Ivoire
ICCEL_RENCONTRE DIVINE,Poste: Responsable adjoint
Ville: Łódź
Pays: Pologne,Łódź Pologne,Responsable adjoint,Łódź,Pologne
ICCEL_RENCONTRE DIVINE,Poste: Membre
Ville: Seclin
Pays: France,Seclin France,Membre,Seclin,France
ICCEL_RENCONTRE DIVINE,Poste: Membre
Ville: Siegburg
Pays: Allemagne,Siegburg Allemagne,Membre,Siegburg,Allemagne
ICCEL_RENCONTRE DIVINE,Poste: Membre
Ville: Nantes
Pays: France,Nantes France,Membre,Nantes,France
ICCEL_RENCONTRE DIVINE,Poste: Membre
Ville: Louviers
Pays: France,Louviers France,Membre,Louviers,France
ICCEL_RENCONTRE DIVINE,Poste: Membre
Ville: Metz
Pays: France,Metz France,Membre,Metz,France
ICCEL_RENCONTRE DIVINE,Poste: Membre
Ville: Copenhagen
Pays: Danemark,Copenhagen Danemark,Membre,Copenhagen,Danemark
ICCEL_RENCONTRE DIVINE,Poste: Membre
Ville: Douala
Pays: Cameroun,Douala Cameroun,Membre,Douala,Cameroun
ICCEL_RENCONTRE DIVINE,Poste: Membre
Ville: Doula
Pays: Cameroun,Doula Cameroun,Membre,Doula,Cameroun
ICCEL_RENCONTRE DIVINE,Poste: Membre
Ville: Bruxelles
Pays: Belgique,Bruxelles Belgique,Membre,Bruxelles,Belgique
ICCEL_RENCONTRE DIVINE,Poste: Responsable
Ville: Saint Germain les Arpajon
Pays: France,Saint Germain les Arpajon France,Responsable,Saint Germain les Arpajon,France
ICCEL_RENCONTRE DIVINE,Poste: Membre
Ville: Lomé
Pays: Togo,Lomé Togo,Membre,Lomé,Togo
ICCEL_RENCONTRE DIVINE,Poste: Membre
Ville: Albstadt Ebingen
Pays: Allemagne,Albstadt Ebingen Allemagne,Membre,Albstadt Ebingen,Allemagne
ICCEL_RENCONTRE DIVINE,Poste: Membre
Ville: Reims
Pays: France,Reims France,Membre,Reims,France
ICCEL_RESTAURATION,Poste: Membre
Ville: Bouaké
Pays: Côte d'Ivoire,Bouaké Côte d'Ivoire,Membre,Bouaké,Côte d'Ivoire
ICCEL_RESTAURATION,Poste: Membre
Ville: Cotonou
Pays: Bénin,Cotonou Bénin,Membre,Cotonou,Bénin
ICCEL_RESTAURATION,Poste: Membre
Ville: Bouaké
Pays: Côte d'Ivoire,Bouaké Côte d'Ivoire,Membre,Bouaké,Côte d'Ivoire
ICCEL_RESTAURATION,Poste: Membre
Ville: Gilly (Charleroi)
Pays: Belgique,Gilly (Charleroi) Belgique,Membre,Gilly (Charleroi),Belgique
ICCEL_RESTAURATION,Poste: Membre
Ville: Abomey calavi
Pays: Bénin,Abomey calavi Bénin,Membre,Abomey calavi,Bénin
ICCEL_RESTAURATION,Poste: Membre
Ville: Reggio Emilia
Pays: Italie,Reggio Emilia Italie,Membre,Reggio Emilia,Italie
ICCEL_RESTAURATION,Poste: Membre
Ville: Stammham
Pays: Allemagne,Stammham Allemagne,Membre,Stammham,Allemagne
ICCEL_SAGESSE INFINIE,Poste: Membre
Ville: Cernay
Pays: France,Cernay France,Membre,Cernay,France
ICCEL_SAGESSE INFINIE,Poste: Responsable adjoint
Ville: Roubaix
Pays: France,Roubaix France,Responsable adjoint,Roubaix,France
ICCEL_SAGESSE INFINIE,Poste: Membre
Ville: Aalen
Pays: Allemagne,Aalen Allemagne,Membre,Aalen,Allemagne
ICCEL_SAGESSE INFINIE,Poste: Membre
Ville: PERPIGNAN
Pays: France,PERPIGNAN France,Membre,PERPIGNAN,France
ICCEL_SAGESSE INFINIE,Poste: Membre
Ville: Digoin
Pays: France,Digoin France,Membre,Digoin,France
ICCEL_SAGESSE INFINIE,Poste: Membre
Ville: Agadir
Pays: Maroc,Agadir Maroc,Membre,Agadir,Maroc
ICCEL_SAGESSE INFINIE,Poste: Membre
Ville: Bucarest
Pays: France,Bucarest France,Membre,Bucarest,France
ICCEL_SAGESSE INFINIE,Poste: Membre
Ville: Zürich
Pays: Suisse,Zürich Suisse,Membre,Zürich,Suisse
ICCEL_SAGESSE INFINIE,Poste: Responsable
Ville: Aachen
Pays: Allemagne,Aachen Allemagne,Responsable,Aachen,Allemagne
ICCEL_SAGESSE INFINIE,Poste: Membre
Ville: BONDOUKUY
Pays: Burkina Faso,BONDOUKUY Burkina Faso,Membre,BONDOUKUY,Burkina Faso
ICCEL_SAGESSE INFINIE,Poste: Membre
Ville: Périgueux
Pays: France,Périgueux France,Membre,Périgueux,France
ICCEL_SANCTIFICATION,Poste: Responsable adjoint
Ville: Stocksund
Pays: Suède,Stocksund Suède,Responsable adjoint,Stocksund,Suède
ICCEL_SANCTIFICATION,Poste: Membre
Ville: Santo Domingo
Pays: République dominicaine,Santo Domingo République dominicaine,Membre,Santo Domingo,République dominicaine
ICCEL_SANCTIFICATION,Poste: Responsable adjoint
Ville: GRIGNY
Pays: France,GRIGNY France,Responsable adjoint,GRIGNY,France
ICCEL_SANCTIFICATION,Poste: Membre
Ville: Pointe-Noire
Pays: Congo-Brazzaville,Pointe-Noire Congo-Brazzaville,Membre,Pointe-Noire,Congo-Brazzaville
ICCEL_SANCTIFICATION,Poste: Membre
Ville: Riviere-du loup
Pays: Canada,Riviere-du loup Canada,Membre,Riviere-du loup,Canada
ICCEL_SANCTIFICATION,Poste: Membre
Ville: Cork , Dunmanway
Pays: Irlande,Cork , Dunmanway Irlande,Membre,Cork , Dunmanway,Irlande
ICCEL_SOURCE DE VIE,Poste: Membre
Ville: Yaoundé
Pays: Cameroun,Yaoundé Cameroun,Membre,Yaoundé,Cameroun
ICCEL_SOURCE DE VIE,Poste: Membre
Ville: Mannheim
Pays: Allemagne,Mannheim Allemagne,Membre,Mannheim,Allemagne
ICCEL_SOURCE DE VIE,Poste: Responsable adjoint
Ville: Dayton Ohio
Pays: États-Unis,Dayton Ohio États-Unis,Responsable adjoint,Dayton Ohio,États-Unis
ICCEL_SOURCE DE VIE,Poste: Membre
Ville: Fribourg
Pays: Suisse,Fribourg Suisse,Membre,Fribourg,Suisse
ICCEL_SOURCE DE VIE,Poste: Membre
Ville: Nicosie
Pays: Chypre,Nicosie Chypre,Membre,Nicosie,Chypre
ICCEL_SOURCE DE VIE,Poste: Membre
Ville: Mallow
Pays: Irlande,Mallow Irlande,Membre,Mallow,Irlande
ICCEL_SOURCE DE VIE,Poste: Membre
Ville: Quebec city
Pays: Canada,Quebec city Canada,Membre,Quebec city,Canada
ICCEL_SOURCE DE VIE,Poste: Membre
Ville: Kpémé
Pays: Togo,Kpémé Togo,Membre,Kpémé,Togo
ICCEL_SOURCE DE VIE,Poste: Membre
Ville: Lomé
Pays: Togo,Lomé Togo,Membre,Lomé,Togo
ICCEL_SOURCE DE VIE,Poste: Membre
Ville: Lome
Pays: Togo,Lome Togo,Membre,Lome,Togo
ICCEL_TRANSFORMATION,Poste: Responsable
Ville: Villepinte
Pays: France,Villepinte France,Responsable,Villepinte,France
ICCEL_Transformation Divine,Poste: Responsable adjoint
Ville: Accra
Pays: Ghana,Accra Ghana,Responsable adjoint,Accra,Ghana
ICCEL_Transformation Divine,Poste: Membre
Ville: Charolles
Pays: France,Charolles France,Membre,Charolles,France
ICCEL_Transformation Divine,Poste: Membre
Ville: Longwy
Pays: France,Longwy France,Membre,Longwy,France
ICCEL_Transformation Divine,Poste: Membre
Ville: Abidjan
Pays: Côte d'Ivoire,Abidjan Côte d'Ivoire,Membre,Abidjan,Côte d'Ivoire
ICCEL_Transformation Divine,Poste: Membre
Ville: Le Teil
Pays: France,Le Teil France,Membre,Le Teil,France
ICCEL_Transformation Divine,Poste: Responsable adjoint
Ville: Folschviller
Pays: France,Folschviller France,Responsable adjoint,Folschviller,France
ICCEL_Transformation Divine,Poste: Pilote
Ville: İzmir
Pays: Turquie,İzmir Turquie,Pilote,İzmir,Turquie
ICCEL_Transformation Divine,Poste: Membre
Ville: St. Gallen
Pays: Suisse,St. Gallen Suisse,Membre,St. Gallen,Suisse
ICCEL_Transformation Divine,Poste: Membre
Ville: Tiziouzou
Pays: Algérie,Tiziouzou Algérie,Membre,Tiziouzou,Algérie
ICCEL_Transformation Divine,Poste: Responsable adjoint
Ville: Chelles
Pays: France,Chelles France,Responsable adjoint,Chelles,France
ICCEL_TRÉSORS DE DIEU,Poste: Membre
Ville: Herzberg am Harz
Pays: Allemagne,Herzberg am Harz Allemagne,Membre,Herzberg am Harz,Allemagne
ICCEL_TRÉSORS DE DIEU,Poste: Membre
Ville: REZÉ
Pays: France,REZÉ France,Membre,REZÉ,France
ICCEL_TRÉSORS DE DIEU,Poste: Membre
Ville: Accra
Pays: Ghana,Accra Ghana,Membre,Accra,Ghana
ICCEL_TRÉSORS DE DIEU,Poste: Responsable
Ville: Nicosie
Pays: Turquie,Nicosie Turquie,Responsable,Nicosie,Turquie
ICCEL_TRÉSORS DE DIEU,Poste: Membre
Ville: Duisburg
Pays: Allemagne,Duisburg Allemagne,Membre,Duisburg,Allemagne
ICCEL_TRÉSORS DE DIEU,Poste: Membre
Ville: León
Pays: Espagne,León Espagne,Membre,León,Espagne
ICCEL_TRÉSORS DE DIEU,Poste: Responsable adjoint
Ville: Rennes
Pays: France,Rennes France,Responsable adjoint,Rennes,France
ICCEL_TRIOMPHANTS en CHRIST,Poste: Membre
Ville: Thionville
Pays: France,Thionville France,Membre,Thionville,France
ICCEL_TRIOMPHANTS en CHRIST,Poste: Membre
Ville: Bouake
Pays: Côte d'Ivoire,Bouake Côte d'Ivoire,Membre,Bouake,Côte d'Ivoire
ICCEL_TRIOMPHANTS en CHRIST,Poste: Membre
Ville: Lubumbashi
Pays: Congo-Kinshasa,Lubumbashi Congo-Kinshasa,Membre,Lubumbashi,Congo-Kinshasa
ICCEL_TRIOMPHANTS en CHRIST,Poste: Membre
Ville: Louviers
Pays: France,Louviers France,Membre,Louviers,France
ICCEL_TRIOMPHANTS en CHRIST,Poste: Membre
Ville: LE MESNIL-EN-THELLE
Pays: France,LE MESNIL-EN-THELLE France,Membre,LE MESNIL-EN-THELLE,France
ICCEL_TRIOMPHANTS en CHRIST,Poste: Membre
Ville: Abu-Dhabi
Pays: Émirats arabes unis,Abu-Dhabi Émirats arabes unis,Membre,Abu-Dhabi,Émirats arabes unis
ICCEL_TRIOMPHANTS en CHRIST,Poste: Membre
Ville: AVALLON
Pays: France,AVALLON France,Membre,AVALLON,France
ICCEL_TRIOMPHANTS en CHRIST,Poste: Membre
Ville: Silver Spring
Pays: États-Unis,Silver Spring États-Unis,Membre,Silver Spring,États-Unis
ICCEL_TRIOMPHANTS en CHRIST,Poste: Membre
Ville: Roubaix
Pays: France,Roubaix France,Membre,Roubaix,France
ICCEL_TRIOMPHANTS en CHRIST,Poste: Membre
Ville: Nueil sur Layon
Pays: France,Nueil sur Layon France,Membre,Nueil sur Layon,France
Ministère des Femmes d'impact ONLINE,Poste: Membre
Ville: Poitiers
Pays: France,Poitiers France,Membre,Poitiers,France
Ministère des Femmes d'impact ONLINE,Poste: Membre
Ville: Ebolowa
Pays: Cameroun,Ebolowa Cameroun,Membre,Ebolowa,Cameroun
Ministère des Femmes d'impact ONLINE,Poste: Membre
Ville: Libreville
Pays: Gabon,Libreville Gabon,Membre,Libreville,Gabon
Ministère des Femmes d'impact ONLINE,Poste: Membre
Ville: Lomé
Pays: Togo,Lomé Togo,Membre,Lomé,Togo
Ministère des Femmes d'impact ONLINE,Poste: Membre
Ville: Saint Julien en Genevois
Pays: France,Saint Julien en Genevois France,Membre,Saint Julien en Genevois,France
Ministère des Femmes d'impact ONLINE,Poste: Responsable adjoint
Ville: Sartrouville
Pays: France,Sartrouville France,Responsable adjoint,Sartrouville,France
Ministère des Femmes d'impact ONLINE,Poste: Membre
Ville: Valencia
Pays: Espagne,Valencia Espagne,Membre,Valencia,Espagne
Ministère des Femmes d'impact ONLINE,Poste: Membre
Ville: VIGNEUX SUR SEINE - 91270
Pays: France,VIGNEUX SUR SEINE - 91270 France,Membre,VIGNEUX SUR SEINE - 91270,France
Ministère des Femmes d'impact ONLINE,Poste: Membre
Ville: Wien
Pays: Autriche,Wien Autriche,Membre,Wien,Autriche
Ministère des Femmes d'impact ONLINE,Poste: Responsable
Ville: Bellegarde
Pays: France,Bellegarde France,Responsable,Bellegarde,France
Ministère des Femmes d'impact ONLINE,Poste: Membre
Ville: Beauvais
Pays: France,Beauvais France,Membre,Beauvais,France
Ministère des Femmes d'impact ONLINE,Poste: Membre
Ville: Fort de france
Pays: Martinique,Fort de france Martinique,Membre,Fort de france,Martinique
Ministère des Femmes d'impact ONLINE,Poste: Membre
Ville: Tambov
Pays: Russie,Tambov Russie,Membre,Tambov,Russie
Ministère des Femmes d'impact ONLINE,Poste: Membre
Ville: Fraize
Pays: France,Fraize France,Membre,Fraize,France
Ministère des Femmes d'impact ONLINE,Poste: Membre
Ville: Pornic
Pays: France,Pornic France,Membre,Pornic,France
Ministère des Femmes d'impact ONLINE,Poste: Membre
Ville: Linden
Pays: Allemagne,Linden Allemagne,Membre,Linden,Allemagne
Ministère des Femmes d'impact ONLINE,Poste: Membre
Ville: Anzin Valenciennes
Pays: France,Anzin Valenciennes France,Membre,Anzin Valenciennes,France
Ministère des Femmes d'impact ONLINE,Poste: Membre
Ville: Fès
Pays: Maroc,Fès Maroc,Membre,Fès,Maroc
Ministère des Femmes d'impact ONLINE,Poste: Membre
Ville: Sillingy
Pays: France,Sillingy France,Membre,Sillingy,France
Ministère des Femmes d'impact ONLINE,Poste: Membre
Ville: Chaumont En Vexin
Pays: France,Chaumont En Vexin France,Membre,Chaumont En Vexin,France
Ministère des Femmes d'impact ONLINE,Poste: Membre
Ville: Rungis
Pays: France,Rungis France,Membre,Rungis,France
Ministère des Femmes d'impact ONLINE,Poste: Membre
Ville: Poitiers
Pays: France,Poitiers France,Membre,Poitiers,France
Ministère des Femmes d'impact ONLINE,Poste: Membre
Ville: Ussel
Pays: France,Ussel France,Membre,Ussel,France
Ministère des Femmes d'impact ONLINE,Poste: Membre
Ville: Douala
Pays: Cameroun,Douala Cameroun,Membre,Douala,Cameroun
Ministère des Femmes d'impact ONLINE,Poste: Membre
Ville: Sakarya
Pays: Turquie,Sakarya Turquie,Membre,Sakarya,Turquie
Ministère des Femmes d'impact ONLINE,Poste: Membre
Ville: Nice
Pays: France,Nice France,Membre,Nice,France
Ministère des Femmes d'impact ONLINE,Poste: Membre
Ville: Saint Brieuc
Pays: France,Saint Brieuc France,Membre,Saint Brieuc,France
Ministère des Femmes d'impact ONLINE,Poste: Membre
Ville: La Roche sur Yon
Pays: France,La Roche sur Yon France,Membre,La Roche sur Yon,France
Ministère des Femmes d'impact ONLINE,Poste: Membre
Ville: Yaoundé
Pays: Cameroun,Yaoundé Cameroun,Membre,Yaoundé,Cameroun
Ministère des Femmes d'impact ONLINE,Poste: Membre
Ville: Poitiers
Pays: France,Poitiers France,Membre,Poitiers,France
Ministère des Femmes d'impact ONLINE,Poste: Membre
Ville: Londres
Pays: Royaume-Uni,Londres Royaume-Uni,Membre,Londres,Royaume-Uni
Ministère des Femmes d'impact ONLINE,Poste: Membre
Ville: Nîmes
Pays: France,Nîmes France,Membre,Nîmes,France
Ministère des Femmes d'impact ONLINE,Poste: Membre
Ville: Botswana
Pays: Botswana,Botswana Botswana,Membre,Botswana,Botswana
Ministère des Femmes d'impact ONLINE,Poste: Membre
Ville: Arcueil
Pays: France,Arcueil France,Membre,Arcueil,France
Ministère des Femmes d'impact ONLINE,Poste: Membre
Ville: Berlin
Pays: Allemagne,Berlin Allemagne,Membre,Berlin,Allemagne
Ministère des Femmes d'impact ONLINE,Poste: Membre
Ville: Vitré
Pays: France,Vitré France,Membre,Vitré,France
Ministère des Femmes d'impact ONLINE,Poste: Membre
Ville: Atlanta Georgia
Pays: États-Unis,Atlanta Georgia États-Unis,Membre,Atlanta Georgia,États-Unis
Ministère des Femmes d'impact ONLINE,Poste: Membre
Ville: Pavia
Pays: Italie,Pavia Italie,Membre,Pavia,Italie
Ministère des Femmes d'impact ONLINE,Poste: Membre
Ville: Nogent sur Oise
Pays: France,Nogent sur Oise France,Membre,Nogent sur Oise,France
Ministère des Femmes d'impact ONLINE,Poste: Membre
Ville: Trappes
Pays: France,Trappes France,Membre,Trappes,France
Ministère des Femmes d'impact ONLINE,Poste: Membre
Ville: Luanda
Pays: Angola,Luanda Angola,Membre,Luanda,Angola
Ministère des Femmes d'impact ONLINE,Poste: Membre
Ville: Norman
Pays: États-Unis,Norman États-Unis,Membre,Norman,États-Unis
Ministère des Femmes d'impact ONLINE,Poste: Membre
Ville: 26 rue du commun
Pays: France,26 rue du commun France,Membre,26 rue du commun,France
Ministère des Femmes d'impact ONLINE,Poste: Membre
Ville: Santiago de los Caballeros
Pays: République dominicaine,Santiago de los Caballeros République dominicaine,Membre,Santiago de los Caballeros,République dominicaine
Ministère des Femmes d'impact ONLINE,Poste: Membre
Ville: Emdem
Pays: Allemagne,Emdem Allemagne,Membre,Emdem,Allemagne
Ministère des Femmes d'impact ONLINE,Poste: Membre
Ville: Sergy Rhône Alpes
Pays: France,Sergy Rhône Alpes France,Membre,Sergy Rhône Alpes,France
